Date,Close_Price,SMA_10,SMA_20,SMA_50,SMA_100
2024-01-01,100.79824031407574,,,,
2024-01-02,100.63971225188821,,,,
2024-01-03,101.673048879936,,,,
2024-01-04,104.07457502125035,,,,
2024-01-05,103.76154282454269,,,,
2024-01-08,103.4494776322697,,,,
2024-01-09,105.98224148758636,,,,
2024-01-10,107.26292548381875,,,,
2024-01-11,106.56348939598253,,,,
2024-01-12,107.48801497447921,104.16932682658296,,,
2024-01-15,106.7968132236154,104.76918411753692,,,
2024-01-16,106.10637631642055,105.31585052399016,,,
2024-01-17,106.54544152369012,105.80308978836558,,,
2024-01-18,103.58291172185798,105.75392345842633,,,
2024-01-19,100.98768754984346,105.47653793095643,,,
2024-01-22,100.18958999864263,105.15054916759371,,,
2024-01-23,98.72831889872568,104.42515690870763,,,
2024-01-24,99.24440391089846,103.62330475141562,,,
2024-01-25,97.95078641285487,102.76203445310284,,,
2024-01-26,95.94552836422181,101.60778579207711,102.88855630933003,,
2024-01-29,98.12727387567526,100.7408318572831,102.75500798741,,
2024-01-30,97.84442375980173,99.9146366016212,102.61524356280567,,
2024-01-31,97.99256688212621,99.0593491374648,102.43121946291517,,
2024-02-01,95.96853764232095,98.29791172951111,102.02591759396869,,
2024-02-02,95.23568023753856,97.72271099828063,101.59962446461847,,
2024-02-05,95.44197801901099,97.24794980031746,101.19924948395554,,
2024-02-06,93.85524036832982,96.76064194727789,100.59289942799272,,
2024-02-07,94.43285656730905,96.27948721291894,99.95139598216723,,
2024-02-08,93.63268199029076,95.84767677066253,99.30485561188264,,
2024-02-09,93.27051952619911,95.58017588686026,98.59398083946863,,
2024-02-12,92.47871257154088,95.01531975644684,97.87807580686491,,
2024-02-13,95.13173891818215,94.74405127228489,97.32934393695298,,
2024-02-14,95.16004878221558,94.46079946229382,96.76007429987925,,
2024-02-15,93.7090279510408,94.23484849316581,96.26638011133839,,
2024-02-16,94.91983638159122,94.20326410757107,95.96298755292578,,
2024-02-19,93.24403168204299,93.98346947387427,95.6157096370958,,
2024-02-20,93.5833990326485,93.95628534030614,95.35846364379194,,
2024-02-21,90.91799579510507,93.60479926308574,94.94214323800227,,
2024-02-22,89.16915326821587,93.15844639087825,94.50306158077032,,
2024-02-23,89.47757926904688,92.77915236516304,94.17966412601157,,
2024-02-26,90.51948049561716,92.58322915757067,93.79927445700868,,
2024-02-27,90.79784990396274,92.14984025614874,93.44694576421674,,
2024-02-28,90.6858087823041,91.70241625615759,93.08160785922561,,
2024-02-29,90.32229473014382,91.36374293406789,92.79929571361676,,
2024-03-01,88.38537336926404,90.71029663283517,92.45678037020302,,
2024-03-04,87.47988079943487,90.13388154457435,92.05867550922422,,
2024-03-05,86.92096449152173,89.46763809046169,91.71196171538381,,
2024-03-06,88.35440756164417,89.2112792671156,91.40803926510057,,
2024-03-07,88.85540266857926,89.17990420715194,91.169175299015,,
2024-03-08,86.57964632420608,88.89011091266786,90.83463163891534,96.6053103566702,
2024-03-11,87.04506878962135,88.54266974206828,90.56294944981936,96.3302469261811,
2024-03-12,86.58700810057535,88.12158556172955,90.13571290893901,96.04919284315483,
2024-03-13,85.75513369146573,87.62851805264572,89.66546715440151,95.73083453938543,
2024-03-14,86.58885366413699,87.25517394604503,89.30945844005632,95.38112011224317,
2024-03-15,87.98233797864027,87.21487040698267,88.96258351990878,95.06553601532512,
2024-03-18,89.26462665598329,87.39334499263751,88.76361326860578,94.78183899579939,
2024-03-19,88.19206813129115,87.52045535661445,88.49404672353792,94.4260355286735,
2024-03-20,87.82786706712405,87.46780130716243,88.33954028713887,94.03733436033961,
2024-03-21,88.30950924830827,87.41321196513533,88.29655808614349,93.67225475738613,
2024-03-22,89.65607589158788,87.72085492187351,88.30548291727054,93.31561597572829,
2024-03-25,89.05849113719151,87.92219715663052,88.23243344934926,92.9608495339998,
2024-03-26,88.85523505462353,88.14901985203535,88.1353027068823,92.61582670876388,
2024-03-27,87.436555327837,88.31716201567248,87.97284003415893,92.23364898484681,
2024-03-28,85.92461559817153,88.25073820907593,87.75295607756033,91.88048306237307,
2024-03-29,87.02176296292056,88.15468070750396,87.68477555724316,91.60116457063462,
2024-04-01,88.85464539486276,88.1136825813919,87.75351378701455,91.37446567855903,
2024-04-02,88.80311116057771,88.17478688432055,87.84762112046735,91.17596152379606,
2024-04-03,90.19506180932181,88.41150635854032,87.93965383285123,90.99497468176452,
2024-04-04,90.7310121567758,88.65365664938709,88.03343430726105,90.85057919664295,
2024-04-05,89.90220087099073,88.67826914732737,88.19956203460029,90.72971264677834,
2024-04-08,90.43608486247439,88.81602851985566,88.36911283824294,90.57588886651432,
2024-04-09,92.5930333556004,89.18980834995334,88.6694141009942,90.47086105843032,
2024-04-10,92.58957131248792,89.70510994841842,89.01113598204532,90.36280114703756,
2024-04-11,94.83572358388999,90.59622074699027,89.42347947803296,90.34014486586894,
2024-04-12,91.22691669823773,91.01673612052198,89.58570841401283,90.25996959508291,
2024-04-15,92.4047634987831,91.37174793091404,89.74271525615282,90.19922530467835,
2024-04-16,92.57177007385083,91.74861382224135,89.9617003532808,90.17355589878876,
2024-04-17,92.20359545889069,91.94946718719824,90.18048677286914,90.12897067662041,
2024-04-18,92.37676978174741,92.1140429496954,90.3838497995411,90.10385243244954,
2024-04-19,89.70818414985783,92.0946412775821,90.38645521245459,90.03260572492272,
2024-04-22,89.45779284410183,91.99681207574486,90.40642029780011,89.97218733037394,
2024-04-23,89.98325651373884,91.73583439155871,90.46282137075586,89.86921768228507,
2024-04-24,92.04632886871342,91.68151014718126,90.69331004779968,89.80694328401503,
2024-04-25,91.37920824585841,91.33585861337811,90.96603968018402,89.76034688991138,
2024-04-26,90.32285847442783,91.24545279099712,91.13109445575938,89.66840733176811,
2024-04-29,89.69044233931085,90.97402067504989,91.1728843029818,89.59733554491346,
2024-04-30,90.9759552656081,90.81443919422561,91.28152650823331,89.54518666957264,
2024-05-01,91.47141420378493,90.74122106871502,91.34534412795647,89.55625503774623,
2024-05-02,90.7928108979889,90.58282518033919,91.34843406501713,89.58872819034168,
2024-05-03,91.5402822742461,90.766034992778,91.43033813517988,89.62998225044566,
2024-05-06,91.71952526654948,90.99220823502277,91.49451015538364,89.65398314586432,
2024-05-07,93.10845131750163,91.30472771539904,91.5202810534787,89.7001951741351,
2024-05-08,92.17916791654329,91.31801162018203,91.49976088368146,89.73006235681989,
2024-05-09,91.7731001803728,91.35740081363346,91.34662971350559,89.75907846582447,
2024-05-10,91.2805385971693,91.45316882590762,91.34931080845216,89.8169817703826,
2024-05-13,89.34317751269802,91.41844234324634,91.1962315091479,89.85424770464786,
2024-05-14,89.78578674193987,91.29942549087951,91.05693234255236,89.91154414965622,
2024-05-15,90.18314211125865,91.1705982816269,90.95590967517076,89.94811884064849,
2024-05-16,90.2351658957848,91.11483378140647,90.84882948087262,89.9757141051926,
2024-05-17,89.96317409720818,90.95712296370269,90.86157897824015,90.04338466065265,93.32434750866143
2024-05-20,88.11738523923474,90.5969089609712,90.79455859799678,90.06483098964492,93.19753895791303
2024-05-21,87.60693565260306,90.04675739448136,90.67574255494,90.08522954068549,93.06721119192017
2024-05-22,87.2013184968038,89.5489724525074,90.43349203634452,90.11415323679225,92.92249388808882
2024-05-23,86.2013028770602,88.99179272217614,90.17459676790462,90.1064022210507,92.74376116664693
2024-05-24,86.03601661779578,88.4673405242388,89.96025467507302,90.06747579383382,92.56650590457946
2024-05-27,86.60233422597642,88.19325619556663,89.8058492694063,90.0142299452337,92.39803447051652
2024-05-28,89.13210168265935,88.12788768963858,89.71365659025886,90.03303061626106,92.22953307246723
2024-05-29,89.4105089481251,88.05062437332522,89.61061132747588,90.06468345388107,92.0510089071103
2024-05-30,89.80148221323009,88.00725600506975,89.56104489323795,90.09452291317952,91.88338883528277
2024-05-31,89.74611972309545,87.98555056765848,89.47133676568042,90.09632378980967,91.70596988276893
2024-06-03,87.24351432374107,87.89816347610912,89.24753621853999,90.06002425354065,91.5104368937702
2024-06-04,87.25243908227229,87.86271381907605,88.95473560677853,90.02796833409361,91.32189752142872
2024-06-05,87.37497976260833,87.88007994565649,88.71452619908177,90.02673682278906,91.1301929038179
2024-06-06,90.70909254161009,88.33085891211148,88.66132581714365,90.12242636165783,91.00145471201542
2024-06-07,90.4929716309999,88.7765544134319,88.62194746883517,90.19185053501943,90.89650755282699
2024-06-10,90.94868044558378,89.21118903539264,88.70222261547946,90.23373123603383,90.8040984572964
2024-06-11,90.94679996048825,89.39265886317553,88.76027327640688,90.27660501203205,90.72628326791403
2024-06-12,89.41107439564571,89.3927154079276,88.72166989062625,90.26092526375852,90.62794997276151
2024-06-13,91.00249205821699,89.51281639242629,88.76003619874785,90.26635486178735,90.55846702921512
2024-06-14,92.08074792041457,89.74627921215819,88.86591488990817,90.30992580277584,90.51981922477704
2024-06-17,93.22643940772953,90.34457172055704,89.12136759833291,90.36573289368093,90.47081088009757
2024-06-18,92.00938238281039,90.82026605061085,89.34148993484328,90.35405987422511,90.41246046632767
2024-06-19,94.0129434375661,91.48406241810662,89.68207118188138,90.38252731672667,90.37266423188207
2024-06-20,92.1027409120954,91.62342725515516,89.97714308363314,90.32786766329076,90.33400626457983
2024-06-21,92.9635573029938,91.87048582235454,90.32352011789305,90.36260047538588,90.31128503523438
2024-06-24,96.11682645057307,92.38730042285347,90.79924472912289,90.43684173442169,90.31803351954999
2024-06-25,94.74663690349612,92.76728411715426,91.07997149016474,90.48033907101461,90.32694748490165
2024-06-26,93.99220778844524,93.22539745643421,91.30905643218074,90.51611131760568,90.32254099711301
2024-06-27,94.17988779658161,93.54313703027069,91.52797671134832,90.55217367790236,90.3280130551759
2024-06-28,93.51805494143105,93.68686773237232,91.71657347226508,90.62837109373382,90.33048840932823
2024-07-01,91.41362772346541,93.50558656394591,91.9250791422513,90.6674877913211,90.31983756084746
2024-07-02,91.5534552232187,93.45999384798674,92.14012994929863,90.6988917655107,90.28405472389782
2024-07-03,90.15121761304957,93.07382126553509,92.27894184182068,90.66098954039742,90.23396641220616
2024-07-04,90.83933008502166,92.94748018282772,92.28545371899126,90.6501919771807,90.20526943354596
2024-07-05,89.63993994968399,92.61511844749674,92.24280213492548,90.63653360668583,90.1524704692269
2024-07-08,91.79428080645556,92.18286388308499,92.28508215296907,90.67861037602871,90.13797296047103
2024-07-09,90.76749125887193,91.78494931862257,92.27611671788826,90.674441095894,90.10981388273326
2024-07-10,90.37523429707119,91.42325196948516,92.32432471295954,90.65251749775973,90.10438626775293
2024-07-11,91.530571500289,91.15832033985589,92.35072868506313,90.66727270980573,90.12800045007366
2024-07-12,89.90109004507414,90.7966238502202,92.24174579129611,90.63448886522228,90.13223555783392
2024-07-15,90.25346280499912,90.68060735837358,92.0930969611596,90.60516761599126,90.12957538092775
2024-07-16,92.08656944326472,90.73391878037816,92.09695631418232,90.58472997850653,90.14246257632075
2024-07-17,89.93766851205933,90.71256387027914,91.893192567907,90.53989999041686,90.13498117361831
2024-07-18,90.23220165462997,90.65185102723999,91.79966560503371,90.50908201990198,90.13408024286316
2024-07-19,90.62993873669807,90.75085090594139,91.68298467671892,90.49607002269255,90.1565258965375
2024-07-22,91.74490473522049,90.7459132988179,91.46438859095129,90.54410456714298,90.19917613589534
2024-07-23,90.10338114649866,90.67950228758056,91.2322258031014,90.55045645523415,90.23100030244512
2024-07-24,88.38045441661922,90.48002429953536,90.95163813451009,90.51440270134138,90.23126077099487
2024-07-25,89.11966033023104,90.23893318252956,90.69862676119257,90.49209259003031,90.23390334761137
2024-07-26,89.56232349993668,90.20505652801582,90.50084018911784,90.48407557808488,90.26373011936869
2024-07-29,89.94443831640385,90.1741540791563,90.42738071876477,90.52061663962826,90.29272381463652
2024-07-30,90.45828912293551,90.01132604712338,90.3726224137506,90.57764370903492,90.3314366248601
2024-07-31,89.58505238188665,89.9760644341061,90.34431415219247,90.62531838673657,90.36973581176431
2024-08-01,89.94265363643457,89.94710963228655,90.29948032976311,90.70014540192406,90.40327381148728
2024-08-02,90.38410050189734,89.9225258088065,90.33668835737379,90.78710707960609,90.42729143671986
2024-08-05,89.46550225000425,89.69458556028486,90.22024942955122,90.84437044008664,90.42930019266007
2024-08-06,92.05071902776626,89.88931934841162,90.28441081799592,90.90274278698877,90.4678867016248
2024-08-07,92.75366474071127,90.32664038082082,90.40333234017791,90.96960590284048,90.51714467836068
2024-08-08,91.15648638762035,90.53032298655975,90.38462808454449,90.9967059863283,90.5456144497538
2024-08-09,92.10469916746119,90.7845605533122,90.49480854066384,91.04387757521562,90.57010068251253
2024-08-12,90.81329897404676,90.8714466190765,90.52280034911622,91.11527326822174,90.58764876088108
2024-08-13,91.9377767367721,91.01939538046015,90.51536071379158,91.20898002131175,90.61847417770255
2024-08-14,93.5963083588813,91.42052097815962,90.69829270613268,91.3334065932372,90.680071708013
2024-08-15,92.49741584526808,91.67599719904297,90.81155341566458,91.36917305931034,90.74579971048396
2024-08-16,93.8907008903803,92.02665723789127,90.97459152334869,91.43712764449796,90.81448908975857
2024-08-19,94.52109746336805,92.53221675922764,91.11340115975608,91.50857598485365,90.87115361044363
2024-08-20,95.74170242537566,92.90131509898859,91.39531722369993,91.6044740341514,90.94053952309162
2024-08-21,98.55412210787945,93.4813608357054,91.90400060826295,91.78733498839607,91.0241301260772
2024-08-22,98.24113705243097,94.18982590218646,92.36007444437294,91.93210788828033,91.09923137503375
2024-08-23,97.18525438471679,94.69788142391201,92.74122098861196,92.03419801756638,91.17206191017101
2024-08-26,95.94511216276135,95.21106274278347,93.04125468092982,92.08857147266703,91.22715218317387
2024-08-27,94.825572536439,95.49984232275017,93.25961885160501,92.1448952757396,91.24947757498227
2024-08-28,94.76333754829442,95.61654524169148,93.5185331099254,92.15990315795418,91.27121523734033
2024-08-29,95.29714758972955,95.89651841613764,93.78625780759015,92.22379129150686,91.27582947739873
2024-08-30,95.74134586350159,96.08158291344976,94.05412007567035,92.27934706271702,91.32097376905138
2024-09-02,96.9851612585163,96.32798929296459,94.43010302609596,92.29671375887588,91.36677774664871
2024-09-03,97.05259212832182,96.4590782632592,94.68019668112373,92.3428328633724,91.41158596719342
2024-09-04,99.24147578885272,96.52781363135652,95.00458723353081,92.44781822338055,91.48196477049305
2024-09-05,98.89771924327813,96.59347185044123,95.3916488763137,92.54217485231449,91.54717426510835
2024-09-06,103.06797423801646,97.18174383577119,95.93981262984146,92.7331732382462,91.68077216598994
2024-09-09,104.09185441211821,97.99641806070689,96.60374040174503,92.98673777201924,91.8271127816701
2024-09-10,102.81346855293312,98.7952076623563,97.14752499255307,93.21193803861354,91.95541490206205
2024-09-11,101.22573004763905,99.44144691229076,97.52899607699096,93.43342828730532,92.0472089138513
2024-09-12,102.0119598914875,100.11292814246656,98.00472327930194,93.65688088343462,92.1535364303076
2024-09-13,101.72144218772551,100.71093777488895,98.39626034416919,93.89851092819545,92.26752226744057
2024-09-16,102.8681556332745,101.29923721236477,98.81361325266451,94.11998842473184,92.39929940038019
2024-09-17,103.65278318155531,101.9592563176881,99.2091672904735,94.37769426318552,92.52606767953965
2024-09-18,103.59139396706647,102.39424813550947,99.46103088343285,94.64201745658542,92.64726747717246
2024-09-19,102.33506194917565,102.73798240609923,99.66572712827008,94.85810726556316,92.76268998768434
2024-09-20,100.08598258680365,102.43978324097796,99.81076353837443,95.06180511639775,92.84814699080991
2024-09-23,99.46759553799554,101.97735735356568,99.98688770713616,95.24608777105769,92.92562769352436
2024-09-24,100.80398615576576,101.77640911384896,100.2858083881025,95.42043610530769,93.00258304190702
2024-09-25,101.1788058148828,101.77171669057334,100.60658180143193,95.64525885136416,93.09257942089042
2024-09-26,99.35539043362279,101.50605974478685,100.80949394362659,95.82772262694404,93.16840232342291
2024-09-27,99.66364219778471,101.30027974579276,101.00560876034075,96.00839669616576,93.25223335942907
2024-09-30,100.2914752783877,101.0426117103041,101.17092446133434,96.17932810702912,93.36171633708597
2024-10-01,99.02009779617555,100.57934317176613,101.26929974472702,96.35766244002266,93.45405944762831
2024-10-02,99.29832612507806,100.15003638756728,101.27214226153828,96.57601987419184,93.5452112877665
2024-10-03,99.43476936852413,99.86000712950214,101.29899476780058,96.78232205495769,93.63720732249391
2024-10-04,97.79341959494707,99.63075083031649,101.03526703564711,96.94694397685791,93.71550977747128
2024-10-07,98.36884134125874,99.52087541064279,100.74911638210412,97.115432037355,93.81802433849153
2024-10-08,99.24939946044135,99.36541674111035,100.57091292747955,97.29125424410512,93.93444897656991
2024-10-09,100.92540074179661,99.34007623380172,100.55589646218743,97.51806121130332,94.07168979901984
2024-10-10,102.58468660151546,99.66300585059099,100.58453279768882,97.77090187060494,94.2355236362644
2024-10-11,100.53677969675468,99.75031960048798,100.5252996731403,97.97395545450209,94.380531267054
2024-10-14,99.18197082750994,99.6393691554002,100.34099043285207,98.16828482605219,94.50632763306935
2024-10-15,100.00115951699158,99.7374753274818,100.15840924962389,98.32729363583668,94.61501821141266
2024-10-16,100.82522479917,99.89016519489098,100.02010079122907,98.48872483700586,94.72916536992311
2024-10-17,101.6580048028357,100.11248873832213,99.98624793391207,98.69875520531018,94.84773059581916
2024-10-18,107.75986270380098,101.10913304920751,100.36994193976193,99.01185847603696,95.02786802562622
2024-10-21,108.74096821999673,102.1463457370813,100.83361057386199,99.37041186095595,95.24284256458876
2024-10-22,110.66438917271452,103.28784470830863,101.32663072470943,99.7449441096748,95.47696206549317
2024-10-23,112.31552823073288,104.42685745720226,101.88346684550194,100.11932850711182,95.72636755017442
2024-10-24,113.47505074052107,105.51589387110282,102.58944986084687,100.53888120501689,95.95402713216352
2024-10-25,112.99617367144243,106.7618332685716,103.25607643452977,100.92099066063813,96.17905915256796
2024-10-28,114.34709264967135,108.27834545078774,103.95885730309394,101.31751056436418,96.41304327460882
2024-10-29,113.08572019338033,109.58680151842661,104.6621384229542,101.66439091972428,96.63443247693775
2024-10-30,112.74107725379159,110.77838676388879,105.33427597938987,101.94813002264253,96.8677325055192
2024-10-31,111.97922741618629,111.81050902522387,105.961498881773,102.22289182991764,97.0774998590989
2024-11-01,112.17290737514145,112.25181349235791,106.68047327078273,102.52264488972612,97.27842145364617
2024-11-04,116.19401942917966,112.99711861327619,107.57173217517877,102.92762303505448,97.50809725386067
2024-11-05,113.04120489084137,113.23480018508887,108.26132244669877,103.29193568214252,97.71841547894098
2024-11-06,114.26796955374449,113.43004431739003,108.92845088729617,103.68202832225151,97.92096574010276
2024-11-07,111.5926917938746,113.24180842272537,109.37885114691412,104.00793920633443,98.11586524892054
2024-11-08,110.86093567415045,113.02828462299617,109.8950589457839,104.31033100254741,98.29483903263211
2024-11-11,112.74299445917238,112.86787480394628,110.57311012736702,104.62548766656053,98.46110071271812
2024-11-12,112.90819369682426,112.85012215429069,111.21846183635864,104.94259969793058,98.64271628065143
2024-11-13,111.15313794883328,112.69132822379486,111.73485749384182,105.18083294113019,98.8143255822553
2024-11-14,110.02188670337858,112.4955941525141,112.15305158886895,105.40331629033219,98.97274557132327
2024-11-15,111.20477063223224,112.39878047822319,112.32529698529052,105.5660522182165,99.14961272823128
2024-11-18,110.04812639456144,111.78419117476138,112.39065489401874,105.68517765786535,99.33595771494225
2024-11-19,110.46123684523701,111.52619437020094,112.38049727764488,105.83813302371144,99.52503553116243
2024-11-20,110.59205369134895,111.1586027839614,112.29432355067567,106.02545949658563,99.72944389194544
2024-11-21,109.57116359579211,110.95644996415315,112.09912919343924,106.17664357067173,99.91676222705313
2024-11-22,113.20874272701013,111.19123066943912,112.10975764621762,106.40638958145742,100.1524502548264
2024-11-25,114.34751408358377,111.35168263188025,112.10977871791326,106.6359767504636,100.37798258759767
2024-11-26,110.9816688182202,111.15903014401984,112.00457614915524,106.78255446319689,100.58012436319115
2024-11-27,111.34815861032462,111.17853221016897,111.93493021698191,106.93768975606204,100.78985360632369
2024-11-28,110.30343406560463,111.20668694639157,111.85114054945282,107.09705719839063,100.97758223197685
2024-11-29,111.77875989975992,111.26408587314434,111.83143317568374,107.33091274464977,101.19635893052372
2024-12-02,110.51306492543162,111.31057972623134,111.54738545049634,107.55182213239848,101.39895495172803
2024-12-03,110.37820567229066,111.30227660893672,111.4142354895688,107.74330652272899,101.58187131401829
2024-12-04,111.27309679635253,111.3703809194371,111.2644918516992,107.94519234235837,101.79522559686121
2024-12-05,112.78392714513161,111.69165727437105,111.32405361926206,108.21376307658853,102.02074285176624
2024-12-06,110.82688540709285,111.45347154237932,111.32235110590918,108.4370279407747,102.22271231847019
2024-12-09,110.32735207288727,111.05145534130968,111.20156898659494,108.63774547666468,102.40853679184686
2024-12-10,109.5989391032645,110.91318236981411,111.03610625691695,108.84932230280646,102.60349237141452
2024-12-11,108.58440059622163,110.63680656840381,110.90766938928637,109.03504379222932,102.80553183321054
2024-12-12,111.55408826968211,110.76187198881155,110.98427946760155,109.27743017025249,103.02987611260505
2024-12-13,112.28994216481507,110.81299021531706,111.03853804423068,109.56736062164984,103.25715229925383
2024-12-16,110.24123788661606,110.78580751143552,111.04819361883342,109.80480855255699,103.46012029495594
2024-12-17,111.8254267366704,110.93052961787347,111.11640311340508,110.05632909808156,103.6737916710933
2024-12-18,115.50008990713945,111.35322892895218,111.36180492419462,110.34782288138842,103.93294204634583
2024-12-19,117.36142633777985,111.81097884821699,111.751318061294,110.6433576761137,104.20712977335928
2024-12-20,114.77431682244026,112.20572198975174,111.82959676606549,110.92810841862742,104.45103193656472
2024-12-23,114.00065872922092,112.57305265538511,111.81225399834734,111.22448217666164,104.69638350135689
2024-12-24,116.24591382324223,113.2377501273829,112.07546624859845,111.54937726278666,104.93833544931165
2024-12-25,115.07600832085562,113.8869108998463,112.26185873412501,111.83439293322036,105.1615588851131
2024-12-26,115.90259538173511,114.3217616110516,112.54181679993152,112.11928474479835,105.40901997505424
2024-12-27,117.31582466397103,114.82434986096719,112.81867003814209,112.31040398400177,105.66113123001932
2024-12-30,115.75382029241368,115.37560810154693,113.0807078064912,112.4506610254501,105.910536443203
2024-12-31,115.70835182445205,115.7639006103251,113.34721511409927,112.55154027848485,106.14824219407981
2025-01-01,110.27241525870748,115.2411331454819,113.29718103721703,112.51067801904433,106.31500326307807
2025-01-02,108.64525050636851,114.36951556234075,113.09024720527887,112.41408201436128,106.47648160968907
2025-01-03,108.28855500245864,113.72093938034259,112.96333068504714,112.31992964098161,106.62046015080985
2025-01-06,106.33374887723015,112.95424839514351,112.76365052526428,112.1596627655328,106.73858666494847
2025-01-07,109.02409268416018,112.2320662812353,112.73490820430906,112.07843021534838,106.87141056753632
2025-01-08,106.76357079723728,111.40082252887346,112.64386671435985,111.9588800862173,106.95350505442988
2025-01-09,106.11422450878302,110.42198544157824,112.37187352631489,111.84158002806925,107.0322359289934
2025-01-10,106.37570477929121,109.32797345311027,112.07616165703868,111.72563597615225,107.12414043293914
2025-01-13,108.75485488900163,108.62807691276907,112.00184250715797,111.57685268534868,107.25223786020155
2025-01-14,106.49077688304114,107.70631941862798,111.7351100144765,111.44584412519266,107.36888990366757
2025-01-15,108.41926944814723,107.52100483757195,111.3810689915269,111.32887012308072,107.5054492226661
2025-01-16,108.49014415351368,107.50549420228647,110.93750488231358,111.26681917027351,107.63737918830392
2025-01-17,106.95805003005196,107.3724437050458,110.54669154269418,111.18876145739152,107.74954622996944
2025-01-20,107.755875220746,107.51465633939738,110.23445236727044,111.08901907262299,107.85725336959173
2025-01-21,108.13215639149864,107.42546271013123,109.82876449568326,110.99349832651649,107.96804901222349
2025-01-22,107.21657949904848,107.47076358031237,109.43579305459289,110.9147671575208,108.04780004932545
2025-01-23,107.3825752679324,107.59759865622729,109.00979204890275,110.86198092881187,108.132648609572
2025-01-24,106.81712108966023,107.6417402872642,108.48485687018722,110.77422793796045,108.17014007808844
2025-01-27,107.05267292726677,107.47152209109072,108.04979950192987,110.71431886861455,108.19974826323993
2025-01-28,108.17528749618843,107.63997315240545,107.6731462855167,110.66859988163358,108.25336645267247
2025-01-29,110.83506507525655,107.88155271511638,107.70127877634414,110.67346010931173,108.34945980294864
2025-01-30,108.85056339620631,107.91759463938565,107.71154442083602,110.65904810532,108.41784583799583
2025-01-31,112.44581533848945,108.4663711702294,107.91940743763757,110.6437895575496,108.52508956950346
2025-02-03,109.25560611243974,108.61634425939876,108.06550029939805,110.54195139812671,108.58896407429512
2025-02-04,109.06165568144257,108.70929418839314,108.06737844926218,110.50355113539118,108.643052799294
2025-02-05,110.0833855268158,108.99597479116987,108.2333691857411,110.478255673721,108.7079727148915
2025-02-06,110.60364076738838,109.31808134111547,108.45783999867135,110.48425980775666,108.79065850307363
2025-02-07,109.6301594452751,109.59938517667695,108.62056273197057,110.44128779866696,108.88610027165834
2025-02-10,109.34310386307888,109.82842827025816,108.64997518067442,110.4178885774199,108.98485535490917
2025-02-11,108.59177481770534,109.87007700240983,108.75502507740762,110.38215996032821,109.06273324152856
2025-02-12,107.68983476164095,109.55555397104827,108.71855334308232,110.31049471963397,109.12784353099615
2025-02-13,109.12556878783697,109.58305451021133,108.7503245747985,110.23732755248808,109.22554531453828
2025-02-14,109.76639861472196,109.31511283783459,108.89074200403198,110.21611781664065,109.32657287870765
2025-02-17,108.68576347585324,109.25812857417596,108.93723641678733,110.18328604469998,109.4105157606823
2025-02-18,110.2174037370673,109.37370337973843,109.04149878406577,110.19565533737602,109.52248882009123
2025-02-19,110.7819999411477,109.44356482117162,109.21976980617073,110.23960732427454,109.63732555825192
2025-02-20,112.19711025946128,109.60291177037891,109.46049655574718,110.25246776407013,109.76494896716129
2025-02-21,113.31841298266612,109.97173712411802,109.78556115039746,110.27303718042714,109.92019890103848
2025-02-24,111.97400486751552,110.2348272245617,110.03162774740989,110.30769252004515,110.05625053630105
2025-02-25,111.0925935109845,110.48490909388961,110.17749304814967,110.29303585553143,110.17468247680648
2025-02-26,112.40106735243094,110.95603235296862,110.2557931620084,110.23105540443727,110.28943914291284
2025-02-27,113.49161839040474,111.39263731322539,110.48784591171832,110.15365924548978,110.39850846080171
2025-02-28,113.51278383707452,111.76727583546065,110.54119433664758,110.12842858578246,110.52826850220492
2025-03-03,113.76960268202072,112.27565975607737,110.76689416512663,110.12380746483845,110.67414482075003
2025-03-04,116.02902179367092,112.85682156173773,111.11526247073805,110.11946962424702,110.83442344351683
2025-03-05,115.06150101620543,113.28477166924351,111.36416824520754,110.11917947815402,110.97678620568719
2025-03-06,116.06765311102465,113.67182595439985,111.63736886238937,110.12248063273981,111.12088268876907
2025-03-07,115.77403854156223,113.91738851028947,111.94456281720372,110.09164491029162,111.20102444714668
2025-03-10,115.4543403020335,114.26542205374126,112.25012463915145,110.08565531048401,111.26815816796707
2025-03-11,117.4316876155646,114.89933146419928,112.69212027904442,110.12012202630628,111.33583115239557
2025-03-12,118.95413846225247,115.55463857518143,113.25533546407499,110.29375649037718,111.40221725471076
2025-03-13,120.47480841712179,116.25295757785314,113.82279744553924,110.53034764859223,111.47221483147678
2025-03-14,122.91866228623063,117.19354542276874,114.48041062911469,110.82294979426769,111.57143971762466
2025-03-17,123.0188889188113,118.11847404644782,115.19706690126259,111.15665259509929,111.65815768031605
2025-03-18,124.34590103738554,118.9501619708193,115.90349176627849,111.4630887621638,111.77075948875613
2025-03-19,123.8304393522355,119.8270558044223,116.55591373683288,111.80442613326377,111.88165310974057
2025-03-20,124.49626314260375,120.66991680758022,117.17087138099001,112.17206690594017,112.00682346700474
2025-03-21,124.31560761586364,121.52407371501036,117.72073111264987,112.53086496267161,112.12825046941197
2025-03-24,124.5588748133843,122.43452716614544,118.34997460994332,112.84694536115927,112.211899023254
2025-03-25,125.73868811382792,123.26522721597178,119.08227934008548,113.23190358577502,112.33887385548387
2025-03-26,124.2670078020697,123.79651414995348,119.67557636256743,113.54885835285347,112.43886423796712
2025-03-27,128.29321013844657,124.57835432208597,120.41565594996953,113.94491967255213,112.60586942141285
2025-03-28,126.4349678378631,124.92998487724921,121.06176515000895,114.33445802870835,112.76160974304997
2025-03-31,124.21516438562922,125.049612423931,121.58404323518937,114.66364381200603,112.87633144231454
2025-04-01,126.45505159320058,125.26052747951249,122.10534472516585,115.03010171604006,113.01180002127829
2025-04-02,128.02964799514953,125.68044834380389,122.75375207411305,115.44636308596208,113.18056512174145
2025-04-03,129.2984967073024,126.16067170027375,123.41529425392693,115.88468151474949,113.3733312217807
2025-04-04,130.58819757311588,126.78793069599897,124.15600220550462,116.36010304441861,113.56716549118954
2025-04-07,130.62950894503612,127.39499410916414,124.91476063765474,116.831639764774,113.77297931669428
2025-04-08,128.94762636997663,127.71588793477902,125.49055757537535,117.24708654224975,113.95784321194168
2025-04-09,129.15889533455496,128.20507668802753,126.00079541899046,117.61356314743573,114.14351162837373
2025-04-10,127.91755661894912,128.1675113360778,126.37293282908183,117.99490301189059,114.3269755586053
2025-04-11,129.86724852151573,128.5107394044431,126.72036214084608,118.34333167555111,114.49356061655035
2025-04-14,129.64590193002365,129.05381315888252,127.0517127914067,118.75113759190279,114.64654449501475
2025-04-15,128.11450634200781,129.21975863376326,127.24014305663782,119.1321946051141,114.81787287025263
2025-04-16,127.5621449459363,129.17300832884195,127.42672833632287,119.4817697934965,114.98001273360875
2025-04-17,128.41890671909945,129.08504933002163,127.62286051514766,119.83807511253072,115.1611674601437
2025-04-18,127.40127624568258,128.7663571972783,127.77714394663863,120.19349744853885,115.31739262360291
2025-04-21,125.90258270523722,128.2936645732984,127.84432934123129,120.52468702538202,115.47128780140098
2025-04-22,126.42683519707039,128.0415854560078,127.87873669539343,120.88138823296933,115.63177409664877
2025-04-23,126.95570695856033,127.82126661840832,128.01317165321797,121.26670567690773,115.78860019827086
2025-04-24,126.05699095911788,127.6352100524252,127.90136069425151,121.60533412033335,115.9213308364107
2025-04-25,125.23206540156468,127.1716917404301,127.8412155724366,121.91464745607021,116.06538263635542
2025-04-28,125.73157638255441,126.78025918568319,127.91703617228286,122.25556371420424,116.21942487945209
2025-04-29,123.09150516865105,126.27795906834751,127.74885885105539,122.51304574283591,116.35435054010595
2025-04-30,120.580317555876,125.57977632934148,127.37639232909171,122.70901209513048,116.4743097097025
2025-05-01,119.34749970625458,124.67263562805701,126.8788424790393,122.85201988406634,116.55224382406823
2025-05-02,119.0254928779263,123.8350572912814,126.30070724427983,122.96616148197154,116.61959933119935
2025-05-05,119.64168403525139,123.20896742428283,125.7513159987906,123.11951506532625,116.71360379268572
2025-05-06,122.38008502196698,122.80429240677249,125.4229389313901,123.3452648955459,116.81915037553868
2025-05-07,124.02666057347034,122.51138776826349,125.16632719333589,123.5777767599667,116.90441608220199
2025-05-08,123.79134778661478,122.28482345101318,124.96001675171917,123.78377134789089,116.96871529669033
2025-05-09,123.81793568528204,122.14341047938493,124.65755110990749,123.98987438485504,117.05915148531875
2025-05-12,122.03089929587048,121.77334277071654,124.27680097819982,124.15510031713205,117.13945389098524
2025-05-13,122.05803014153125,121.66999526800456,123.97397716817599,124.27568048408926,117.19757505416814
2025-05-14,121.59145661437347,121.7711091738543,123.67544275159784,124.40627959605263,117.26272953710331
2025-05-15,122.24258686355635,122.06061788958448,123.36662675882069,124.52977827110325,117.32612945192153
2025-05-16,120.79549879916351,122.23761848170821,123.03633788649472,124.6302074762553,117.36092619327346
2025-05-19,121.80107984071027,122.45355806225412,122.83126274326837,124.75714226702883,117.42139878875643
2025-05-20,124.69619071420624,122.68516863147804,122.74473051912517,124.90243232900166,117.51127717765398
2025-05-21,124.55518894625027,122.73802146875603,122.62470461850967,125.01445333868162,117.6541049145294
2025-05-22,125.37065356748755,122.8959520468433,122.59038774892815,125.11237024168894,117.8213589451406
2025-05-23,126.73860513305767,123.18801899162088,122.6657147355028,125.18876909862547,118.00585944644659
2025-05-26,126.04114875040047,123.58904393707387,122.68119335389511,125.24921429525726,118.2029334451783
2025-05-27,126.52878329929224,124.03611925284997,122.85305726042716,125.2928719404954,118.37798035132963
2025-05-28,126.61597723808207,124.53857131522082,123.15484024453747,125.34858269821234,118.57650441573807
2025-05-29,126.86504018857472,125.00081664772264,123.53071726865349,125.39595823913176,118.784012572536
2025-05-30,125.4652338376093,125.46779015156721,123.85270431663764,125.41895076356667,118.97490786311917
2025-06-02,125.57414131579682,125.84509629907586,124.14932718066491,125.43925609361492,119.14310072738714
2025-06-03,126.5789628856403,126.03337351621926,124.35927107384859,125.45606158905115,119.34398258741312
2025-06-04,129.4291309613937,126.52076771773359,124.62939459324475,125.55930405223762,119.55408120254559
2025-06-05,131.3706270291216,127.12076506389698,125.00835855537011,125.62085239005111,119.78288603130167
2025-06-06,135.75072226244407,128.02197677683563,125.60499788422821,125.80716747854274,120.0708127536256
2025-06-09,134.26427589727584,128.84428949152317,126.21666671429848,126.00814970877568,120.3358967603909
2025-06-10,136.10067584482843,129.80147874607678,126.91879899946335,126.20106219380823,120.6155819549242
2025-06-11,136.5437403647698,130.79425505874556,127.66641318698316,126.37134404120064,120.90885356358142
2025-06-12,141.17384151797083,132.22513519168518,128.61297591970387,126.608850937414,121.2467662260818
2025-06-13,139.5422712739413,133.63283893531838,129.55031454344277,126.7879324114305,121.57401772792463
2025-06-16,137.8645591269305,134.86188071643173,130.35348850775378,126.9326334150684,121.88213658992126
2025-06-17,136.6989220154964,135.87387662941734,130.95362507281828,127.0876593279788,122.16737293511434
2025-06-18,132.4787721054153,136.17884074381953,131.34980423077656,127.154056863396,122.38381000541592
2025-06-19,131.50384578990972,136.19216261989834,131.65646384189765,127.22578264681522,122.61034282935296
2025-06-20,130.07992988924227,135.62508338257817,131.82353007970687,127.23003627416976,122.78668397486048
2025-06-23,130.43891248627884,135.24254704147847,132.04341826650077,127.24589648529486,122.99851703859888
2025-06-24,131.17487455459252,134.74996691245488,132.2757228292658,127.30710384954656,123.21964922733038
2025-06-25,134.98638423582406,134.5942312995603,132.6942431791529,127.45558863534433,123.46867921442046
2025-06-26,136.99306079478336,134.17615322724154,133.20064420946332,127.62707171685801,123.7325734146944
2025-06-27,135.8806216911515,133.80998826896257,133.72141360214044,127.79665862576739,123.99507803715316
2025-06-30,134.12879546344246,133.43641190261377,134.14914630952273,127.9611828809315,124.2429349531568
2025-07-01,135.18974174725838,133.28549387578997,134.5796852526036,128.13644101193526,124.50891462245234
2025-07-02,132.60513307488185,133.2981299727366,134.73848535827804,128.24942953426168,124.75806760558474
2025-07-03,136.36671210337167,133.7844166040828,134.98828961199052,128.45562395714674,125.03047903874011
2025-07-04,138.87014269758288,134.66343788491685,135.14426063374748,128.7283855030671,125.32151647956871
2025-07-07,137.96522166723796,135.41606880301276,135.3293079222456,128.97305840876078,125.61431106148257
2025-07-08,134.5323403120012,135.75181537875363,135.25089114560421,129.20187511162777,125.85746042723191
2025-07-09,137.3610284976241,135.98927980493366,135.2917555522469,129.53748933046273,126.12325071279668
2025-07-10,137.19381121182474,136.0093548466378,135.09275403693962,129.89441556057415,126.37321772232029
2025-07-11,139.83481752232575,136.40477442975524,135.10738134935883,130.31060205346213,126.6383817677169
2025-07-14,136.59842762692068,136.65173764610307,135.04407477435834,130.64973692529554,126.88462599531094
2025-07-15,135.44353138905277,136.67711661028252,134.98130524303616,130.91100585263723,127.12813537409164
2025-07-16,135.52192921333628,136.96879622412797,135.13346309843217,131.14091122543456,127.35934399270069
2025-07-17,135.6852920710689,136.9006542208977,135.34253541249015,131.37879011112364,127.58128072950733
2025-07-18,134.83977116409844,136.49761706754924,135.58052747623296,131.59922682069995,127.79455060277756
2025-07-21,136.17351828622134,136.31844672944757,135.8672577662301,131.88207920050695,128.01858975881956
2025-07-22,134.07718422661566,136.27293112090902,136.01237324983126,132.12246228220866,128.199071383149
2025-07-23,133.8580544753569,135.9226337186823,135.9559567618079,132.36779423942832,128.38703691774052
2025-07-24,134.16687728523732,135.61994032602354,135.81464758633058,132.60628004786193,128.56802915948265
2025-07-25,135.2738118847863,135.1638397622696,135.78430709601233,132.89584630957438,128.7630268929149
2025-07-28,136.79386855770184,135.1833838553477,135.91756075072527,133.19570208391423,128.97642217547155
2025-07-29,134.57283172821326,135.09631388926374,135.88671524977303,133.39323490419437,129.14783361659806
2025-07-30,131.57721159972442,134.70184212790258,135.83531917601516,133.53367535726386,129.27406434797277
2025-07-31,134.19030675551772,134.55234359634744,135.72649890862243,133.71006842102446,129.41121933135673
2025-08-01,134.928323751574,134.561198855095,135.52940796132197,133.87386279339478,129.53131594601015
2025-08-04,133.48864315485594,134.29271134195847,135.30557903570286,134.02281268148388,129.63601348837062
2025-08-05,136.69930831663254,134.55492375096017,135.41392743593445,134.22622318183068,129.75954756116306
2025-08-06,137.00518932121395,134.86963723554587,135.39613547711394,134.4340074234933,129.89129506085285
2025-08-07,139.52004199107367,135.40495370612948,135.5124470160764,134.68710745954328,130.04153284933756
2025-08-08,139.73126445847873,135.85069896349873,135.50726936288405,134.9724280719607,130.1956894177637
2025-08-11,144.19005521102213,136.59031762883075,135.88685074208914,135.3447463498652,130.39200122174006
2025-08-12,148.11105586823862,137.9441400428333,136.52022696604843,135.77538820951716,130.61572489928417
2025-08-13,147.63277016809485,139.54969589967033,137.12576901378637,136.1394609936512,130.84938252294444
2025-08-14,149.87497880006822,141.1181631041254,137.83525335023631,136.50954802907012,131.06520020956066
2025-08-15,151.40859524276797,142.7661902532448,138.6636945541698,136.82270548867658,131.3149364836097
2025-08-18,154.62635356086156,144.87996129384535,139.58633631790184,137.2299470419483,131.619048375362
2025-08-19,152.48065455063627,146.4580959172457,140.50650983410284,137.55754661606446,131.87930440493636
2025-08-20,154.13494801251844,148.17107178637616,141.52035451096094,137.9093707690194,132.14035740511005
2025-08-21,156.67990019488195,149.887057606757,142.64600565644318,138.21949194255762,132.41417143998586
2025-08-22,152.67687797392142,151.18161895830127,143.51615896089993,138.48218407655725,132.6350582439939
2025-08-25,150.06595565351083,151.76920900255013,144.17976331569037,138.72621200708886,132.82942271107865
2025-08-26,145.61795116699133,151.5198985324254,144.73201928762927,138.90459259011877,132.9961259590488
2025-08-27,145.10321497832214,151.26694301344813,145.40831945655916,139.1570814475769,133.1555691554865
2025-08-28,146.7467703258834,150.95412216602963,146.03614263507745,139.46193993829635,133.3438612925558
2025-08-29,150.1663690165644,150.82989954340928,146.79804489832696,139.8636687208428,133.5468524975063
2025-09-01,150.40854543491756,150.4081187308149,147.64404001233,140.26306137981558,133.75447893255523
2025-09-02,154.20524289025568,150.58057756477683,148.51933674101116,140.72366874652883,134.0153862980377
2025-09-03,151.12131717824786,150.27921448134978,149.22514313386287,141.04636740537728,134.2509780203608
2025-09-04,147.3826406803616,149.34948852989774,149.61827306832726,141.25415900308883,134.44061535997344
2025-09-05,147.33353868372237,148.81515460087783,149.99838677958945,141.48321734294026,134.63993798435385
2025-09-08,148.2588850437811,148.63444753990487,150.20182827122738,141.76581913454703,134.86350100773927
2025-09-09,148.26030518961636,148.89868294216737,150.20929073729627,142.0272304033942,135.08183570766474
2025-09-10,143.80495700296555,148.7688571446317,150.01790007903983,142.2512268819559,135.25032820810878
2025-09-11,143.68467126432117,148.46264723847548,149.70838470225246,142.39758606517486,135.42660501116083
2025-09-12,140.9709827501972,147.54310861183876,149.1865040776239,142.43960286622715,135.58399418464717
2025-09-15,142.46539973288296,146.7487940416353,148.57845638622499,142.52960642754007,135.75133241815044
2025-09-16,143.3226145516324,145.66053120777298,148.1205543862748,142.70541191233272,135.95364351198026
2025-09-17,141.38687653521555,144.68708714346974,147.48315081240963,142.78592887308454,136.16170910177368
2025-09-18,140.37142348872825,143.98596542430639,146.66772697710195,142.8494811186226,136.3719483395984
2025-09-19,138.22789438135146,143.0754009940693,145.94527779747347,142.81734265580315,136.56397235463265
2025-09-22,138.16706172381353,142.06621866207257,145.35033310098862,142.84871533774097,136.74922613151827
2025-09-23,140.2309463105462,141.26328277416556,145.08098285816635,142.94446363617087,136.92773474440406
2025-09-24,138.24186407385065,140.70697348125407,144.7379153129428,142.99886233338114,137.06988677940785
2025-09-25,139.36069316776204,140.27457567159814,144.3686114550367,143.072370355315,137.22558023321935
2025-09-26,138.32577932086835,140.01005532866526,143.7765819702519,143.14209051845043,137.3706586695752
2025-09-29,136.75876444701873,139.43939180007885,143.09409292085695,143.15379544166638,137.5179373210867
2025-09-30,136.60766726344252,138.76789707125985,142.2142141395163,143.20440510240292,137.6634336923058
2025-10-01,134.56999061771756,138.08620847951005,141.38664781148978,143.21864382525013,137.79321903233924
2025-10-02,133.52379483909158,137.4014456145464,140.69370551942626,143.2057821763272,137.90603111209458
2025-10-03,131.2116321242978,136.69981938884104,139.88761019145505,143.12453858111743,138.01019244534592
2025-10-06,135.2036836348625,136.40348157994595,139.23485012100912,143.09273488266064,138.14421848328746
2025-10-07,135.34287350620608,135.91467429951194,138.58897853683862,143.10813571822052,138.25068531120746
2025-10-08,133.99674112833512,135.49016200496038,138.09856774310708,143.15652630879273,138.3451008330283
2025-10-09,134.4947518231534,135.00356787049952,137.6390717710487,143.16261521014545,138.43634181558497
2025-10-10,134.33548058210982,134.60453799662366,137.30729666264432,143.15075834675616,138.51231057007547
2025-10-13,133.9579190432143,134.32445345624325,136.8819226281609,143.16014386452335,138.59147827300362
2025-10-14,135.26532420807848,134.19021915070684,136.4790581109832,143.13146418235226,138.67884368209147
2025-10-15,136.87947988538454,134.42116807747354,136.25368827849167,143.12894999363567,138.7814787085645
2025-10-16,135.86249561000136,134.65503815456452,136.02824188455529,143.05579906601423,138.87145326277877
2025-10-17,134.76143121664072,135.0100180637988,135.85491872631974,142.95640240117746,138.96441523656907
2025-10-20,134.2737012607183,134.9170198263844,135.66025070316496,142.75807532217138,139.05141083601828
2025-10-21,129.78139343538473,134.36087181930225,135.1377730594069,142.3914820735143,139.08343514151574
2025-10-22,126.92845485322172,133.6540431917909,134.57210259837547,141.97739576721685,139.058428380434
2025-10-23,129.62254072186425,133.166822081662,134.08519497608057,141.57234700565277,139.04094751736142
2025-10-24,132.92714681325202,133.0259887047762,133.81526335069978,141.20271803706245,139.0127117628695
2025-10-27,132.49775067270417,132.87997186772517,133.60221266198405,140.76014597929932,138.99504651062378
2025-10-28,133.71544853228946,132.72498430014628,133.4576017254264,140.3848418589324,138.9711942374984
2025-10-29,134.40837981926617,132.47787429353443,133.4495211855038,139.99031049506735,138.94984063204333
2025-10-30,140.83176023221108,132.9748007557554,133.8149194551598,139.67334769581393,138.94641981918573
2025-10-31,143.28843285457265,133.8275009195486,134.41875949167354,139.48557879342695,138.98388143499204
2025-11-03,143.08528454654913,134.70865924813168,134.81283953725787,139.34596537128772,139.03608868918823
2025-11-04,141.1195976744752,135.84247967204072,135.10167574567134,139.2559983014374,139.08029544577803
2025-11-05,137.82862236819693,136.93249642353825,135.29326980766444,139.11050644923486,139.13379394840587
2025-11-06,138.31905384842352,137.80214773619417,135.48448490892795,138.94195211968565,139.201946028991
2025-11-07,136.8270527780426,138.19213833267324,135.60906351872458,138.67516579491522,139.26941725787898
2025-11-10,134.00591412245117,138.34295467764795,135.61146327268642,138.34711316866589,139.30508727424072
2025-11-11,132.77890027604673,138.24929985202368,135.48714207608487,137.91858631638172,139.3211275314553
2025-11-12,130.7075155015054,137.8792134202476,135.1785438568909,137.5103102828469,139.27833884411208
2025-11-13,134.12460359099975,137.2084977561265,135.0916492559408,137.24514954105965,139.24965427207425
2025-11-14,135.97809978569444,136.47746444923865,135.1524826843935,137.01804076309907,139.25062905301968
2025-11-17,136.0298371064227,135.77191970522603,135.24028947667873,136.7734598043519,139.26963946944946
2025-11-18,139.1529119214017,135.57525112991868,135.70886540097956,136.5913119389876,139.3092711711909
2025-11-19,139.38417070917282,135.73080596401627,136.3316511937771,136.50289621311174,139.3770615475338
2025-11-20,137.66382684560782,135.66528326373472,136.73371549996426,136.3824793247375,139.39003269495615
2025-11-21,140.91565740939998,136.07414372687046,137.13314102977168,136.38137281792154,139.41048784207433
2025-11-24,142.13043433621607,136.88659574824695,137.61477521294728,136.3746735099882,139.4521399687641
2025-11-25,140.00617031818922,137.6093227524612,137.92931130224227,136.30834462531934,139.50687826882597
2025-11-26,139.67683252329482,138.50625445464016,138.1927339374437,136.27414374508092,139.53003630908267
2025-11-27,137.9232183251728,138.88611592805745,138.0473068420918,136.2251796418098,139.53733038021616
2025-11-28,135.15944362269025,138.80425031175704,137.64085738049766,136.16381062663658,139.4905766412198
2025-12-01,137.11881443358143,138.91314804447293,137.34253387484927,136.14284568083195,139.49578050928642
2025-12-02,141.17341922495098,139.11519877482786,137.34522495237306,136.16169513912,139.5530793876454
2025-12-03,138.31179831541613,139.00796153545218,137.36938374973403,136.16309382395133,139.5809780786662
2025-12-04,139.55448286228895,139.1970271371203,137.43115520042727,136.16696961784186,139.6196699865784
2025-12-05,138.26822313526833,138.93228370970712,137.50321371828855,136.16581849412987,139.6539545062901
2025-12-08,137.33024380636195,138.45226465672172,137.66943020248408,136.17724808131672,139.6655217614915
2025-12-09,136.18342019743156,138.06998964464597,137.8396561985533,136.16876313999649,139.68658412119967
2025-12-10,134.49712098058265,137.55201849037476,138.0291364725072,136.1673057472538,139.69297478625194
2025-12-11,134.66236125229227,137.22593278308668,138.0560243555718,136.19007707551782,139.69792962592248
2025-12-12,133.06082654776662,137.0160710755943,137.91016069367544,136.2270609639872,139.67579977255227
2025-12-15,133.66854869123947,136.67104450136011,137.79209627291624,136.19635826511475,139.64454657388765
2025-12-16,133.63465843488478,135.9171684223535,137.5161835985904,136.1621939636883,139.63516484095436
2025-12-17,133.22313459608927,135.40830205042082,137.2081317929362,136.1467218330434,139.65162407091802
2025-12-18,131.48752382329175,134.60160614652108,136.8993166418204,136.08657727304615,139.62459624159578
2025-12-19,130.42005077574171,133.81678891056842,136.3745363101375,136.0082686769188,139.57951351183746
2025-12-22,131.9721967445075,133.28098420438297,135.86662443055206,135.96855423094465,139.56434904773397
2025-12-23,133.0340389579684,132.96604608043668,135.51801786254103,135.92392852594244,139.5276963541473
2025-12-24,131.16311467292485,132.6326454496709,135.0923319700225,135.80960122169327,139.46927560766443
2025-12-25,131.4243871266339,132.30884803710507,134.76739041009557,135.72083905202592,139.38831905902
2025-12-26,132.98049857982608,132.30081524031098,134.65844315795238,135.68522039928962,139.32081140023348
2025-12-29,129.75673277096854,131.9096336482839,134.2903390748217,135.59488102949462,139.17647817583295
2025-12-30,130.88404962937042,131.63457276773244,133.7758705950427,135.61693415337436,139.00420811344426
2025-12-31,129.65440111546326,131.27769941966983,133.34300073504505,135.67145307861918,138.82442442291796
